[
    {
        "_id": 123,
        "topic": "Kekkei Genkai",
        "userName": "Sharingan",
        "title": "The Sharingan (写輪眼, literally meaning: Copy Wheel Eye, meaning (Viz): Mirror Wheel Eye) is the dōjutsu kekkei genkai of the Uchiha clan that appears selectively among its members. It is regarded as one of the Three Great Dōjutsu, the others being the Byakugan and the Rinnegan.",
        "time": "2h",
        "image": "sharingan.jpg"
    },
    {
        "_id": 234,
        "topic": "Kekkei Genkai",
        "userName": "Byakugan",
        "title": "The Byakugan (白眼, literally meaning: White Eye, meaning (Viz): All Seeing White Eye) is a kekkei genkai dōjutsu that originated from the Ōtsutsuki clan. After the Ōtsutsuki settled on Earth, the Byakugan became more commonly associated with the Hyūga clan, descendants of the Ōtsutsuki. It is regarded as one of the Three Great Dōjutsu, the others being the Sharingan and the Rinnegan.",
        "time": "2h",
        "image": "Byakugan.png"
    },
    {
        "_id": 345,
        "topic": "Kekkei Genkai",
        "userName": "Ketsuryūgan",
        "title": "The Ketsuryūgan (血龍眼, literally meaning: Blood Dragon Eye), is a dōjutsu, which appears in certain individuals of the Chinoike clan. The Ketsuryūgan is recognised by its reddish colour, giving a special appearance for the users of this dōjutsu, characterised as holders of eyes as red as blood. Its power earned it comparison to the Three Great Dōjutsu.",
        "time": "4d",
        "image": "Ketsuryugan.png"
    }
]