[
    {
        "id":1,
        "username": "Uchiha",
        "handle": "@Uchiha",
        "avatar": "uchiha.jpg"

    },
    {
        "id":2,
        "username": "Hyuga",
        "handle": "@Hyuga",
        "avatar": "hyuga.png"
    },
    {
        "id":3,
        "username": "Chinoike",
        "handle": "@Chinoike",
        "avatar": "Chinoike.webp"
    },
    {
        "id":4,
        "username": "Uzumaki",
        "handle": "@Uzumaki",
        "avatar": "uzumaki.jpeg"
    }
]