[
    {
        "_id": 1,
        "image": "sharingan.jpg",
        "userName": "Sharingan",
        "handle": "@sharingan",
        "time": "7d ",
        "liked": true,
        "replies": 123,
        "retuits": 432,
        "likes": 2345,
        "tuit": "The Sharingan (写輪眼, literally meaning: Copy Wheel Eye, meaning (Viz): Mirror Wheel Eye) is the dōjutsu kekkei genkai of the Uchiha clan that appears selectively among its members. It is regarded as one of the Three Great Dōjutsu, the others being the Byakugan and the Rinnegan."
    },
    {
        "_id": 2,
        "image": "Byakugan.png",
        "userName": "Byakugan",
        "handle": "@byakugan",
        "time": "3h",
        "liked": false,
        "replies": 123,
        "retuits": 432,
        "likes": 2345,
        "tuit": "The Byakugan (白眼, literally meaning: White Eye, meaning (Viz): All Seeing White Eye) is a kekkei genkai dōjutsu that originated from the Ōtsutsuki clan. After the Ōtsutsuki settled on Earth, the Byakugan became more commonly associated with the Hyūga clan, descendants of the Ōtsutsuki. It is regarded as one of the Three Great Dōjutsu, the others being the Sharingan and the Rinnegan."
    }
]